author,title,url,category,tags,replies,views,last_activity,scraped_at
Beth Snyder,Faire Is Doing Fulfillment?,/t/faire-is-doing-fulfillment/86921,Channels,"['b2b', 'experience-share', 'wholesale']",7,26,2m,2025-06-02T13:23:05.650664
Dana Eriksson,Welcome Thomas Ferris - Clucking into DTC with Roostys,/t/welcome-thomas-ferris-clucking-into-dtc-with-roostys/86931,Delta Cohort,[],0,1,6m,2025-06-02T13:23:05.650670
Noah Chanin,"My First AI Coding Project, Looking for Advice on Speeding up Development",/t/my-first-ai-coding-project-looking-for-advice-on-speeding-up-development/86917,SAAS Apps and Software,['ai'],8,27,16m,2025-06-02T13:23:05.650672
DonCole,Editions.dev Ramblings,/t/editions-dev-ramblings/86924,Shopify,[],2,15,24m,2025-06-02T13:23:05.650673
Nate Dadosky,What Cybersecurity Protection Do You Have in Place?,/t/what-cybersecurity-protection-do-you-have-in-place/86847,Employees,[],2,33,43m,2025-06-02T13:23:05.650678
JeffRasmussen,Klaviyo Suddenly Inflating Number Of Profiles,/t/klaviyo-suddenly-inflating-number-of-profiles/82309,SAAS Apps and Software,[],97,685,1h,2025-06-02T13:23:05.650679
Michael Jelliff 🏓,eBay Customers Using the Empty Envelope Return Scam,/t/ebay-customers-using-the-empty-envelope-return-scam/47574,eBay,['returns'],49,583,1h,2025-06-02T13:23:05.650681
RobHampton,How We Run EOS L10 Meetings & Track Rocks in ClickUp (Loom + SOP + Template),/t/how-we-run-eos-l10-meetings-track-rocks-in-clickup-loom-sop-template/85378,Team,['traction-eos'],4,86,1h,2025-06-02T13:23:05.650682
Jeremy Roberts,Checkout Started (Abandoned) Flow - What Are Your Send Filter Settings?,/t/checkout-started-abandoned-flow-what-are-your-send-filter-settings/86893,Email Marketing,[],2,29,1h,2025-06-02T13:23:05.650683
Kaylin Marcotte Roche,From 15% to 36% Open Rates - Our Customer Research Playbook,/t/from-15-to-36-open-rates-our-customer-research-playbook/85216,Email Marketing,"['agency', 'ai', 'experience-share']",9,195,2h,2025-06-02T13:23:05.650684
Melita Cyril,Bid Cap Whatsapp Group?,/t/bid-cap-whatsapp-group/81210,Not Visible to Vendors (Store Owners Only),[],35,282,2h,2025-06-02T13:23:05.650685
EricBandholz,"Well, I Got Sued Again, This Time for Patent Infringement",/t/well-i-got-sued-again-this-time-for-patent-infringement/86687,Legal,['patents'],57,775,2h,2025-06-02T13:23:05.650686
ScottMacco,Filing IP Trademark/Copyright/Patent infringements on AliExpress or Alibaba?,/t/filing-ip-trademark-copyright-patent-infringements-on-aliexpress-or-alibaba/72274,Legal,"['copyright', 'intell-prop-ip', 'trademarks']",14,140,2h,2025-06-02T13:23:05.650688
Erich Jackson,Retention Email Specialist Needed,/t/retention-email-specialist-needed/85181,Email Marketing,[],7,106,3h,2025-06-02T13:23:05.650689
Dana Eriksson,Welcome Tyler Westpfahl - Building Big with a Small-but-Mighty Team,/t/welcome-tyler-westpfahl-building-big-with-a-small-but-mighty-team/86867,Delta Cohort,[],4,13,2h,2025-06-02T13:23:05.650695
Dana Eriksson,Welcome Back Tal Atid - Flooring Legend Turned Food Trailblazer,/t/welcome-back-tal-atid-flooring-legend-turned-food-trailblazer/86896,Delta Cohort,[],3,9,2h,2025-06-02T13:23:05.650697
Dana Eriksson,Welcome Ted Mueller - Mastermind Behind Custom Gifting Made Easy,/t/welcome-ted-mueller-mastermind-behind-custom-gifting-made-easy/86865,Delta Cohort,[],4,11,2h,2025-06-02T13:23:05.650698
Dana Eriksson,Welcome Curt Lee - Bath Mat Boss & Marketplace Pro,/t/welcome-curt-lee-bath-mat-boss-marketplace-pro/86866,Delta Cohort,[],2,8,2h,2025-06-02T13:23:05.650699
Dana Eriksson,"Welcome Tristan Broughton - Suds, Smarts, and a Cleaner Supply Chain",/t/welcome-tristan-broughton-suds-smarts-and-a-cleaner-supply-chain/86776,Delta Cohort,[],4,14,2h,2025-06-02T13:23:05.650700
Dana Eriksson,Welcome Anthony Martin - A Century of Health Innovation,/t/welcome-anthony-martin-a-century-of-health-innovation/86738,Delta Cohort,[],7,17,2h,2025-06-02T13:23:05.650701
Dana Eriksson,Welcome Kyle Czarnecki - From Backyard Game to Viral Fame,/t/welcome-kyle-czarnecki-from-backyard-game-to-viral-fame/86793,Delta Cohort,[],5,11,2h,2025-06-02T13:23:05.650703
Dana Eriksson,"Welcome Kody Lukens - Wearable Calm, Bootstrapped Brilliance",/t/welcome-kody-lukens-wearable-calm-bootstrapped-brilliance/86801,Delta Cohort,[],4,12,2h,2025-06-02T13:23:05.650706
Dana Eriksson,Welcome James Bertram - Keeping Performance Sparkling at Abbott Lyon,/t/welcome-james-bertram-keeping-performance-sparkling-at-abbott-lyon/86799,Delta Cohort,[],3,7,2h,2025-06-02T13:23:05.650707
Dana Eriksson,Welcome Jason Piller - Splashing Innovation Into the Golf World,/t/welcome-jason-piller-splashing-innovation-into-the-golf-world/86794,Delta Cohort,[],3,8,2h,2025-06-02T13:23:05.650712
Dana Eriksson,Welcome Abbas Dar - Tracking Success From Kickstarter to Connected Tech,/t/welcome-abbas-dar-tracking-success-from-kickstarter-to-connected-tech/86772,Delta Cohort,[],3,11,2h,2025-06-02T13:23:05.650713
Dana Eriksson,Welcome Hilal Kanafani - Powering Up Comfort for Gamers & Crafters Alike,/t/welcome-hilal-kanafani-powering-up-comfort-for-gamers-crafters-alike/86769,Delta Cohort,[],4,11,2h,2025-06-02T13:23:05.650715
Dana Eriksson,Welcome Joey Bryja - Throwing Big Wins into the eCom Ring,/t/welcome-joey-bryja-throwing-big-wins-into-the-ecom-ring/86768,Delta Cohort,[],3,8,3h,2025-06-02T13:23:05.650716
Dana Eriksson,Welcome Isaac Mertens - Lacing Up Big Growth with Flux,/t/welcome-isaac-mertens-lacing-up-big-growth-with-flux/86765,Delta Cohort,[],3,8,3h,2025-06-02T13:23:05.650717
Dana Eriksson,"Welcome Brendan Hastings - Scaling Tech, Teams & Tulle With Birdy Grey",/t/welcome-brendan-hastings-scaling-tech-teams-tulle-with-birdy-grey/86761,Delta Cohort,[],3,13,3h,2025-06-02T13:23:05.650718
Dana Eriksson,"Welcome Mike Ettenberg - Bringing Clarity to First Responders, One Pair at a Time",/t/welcome-mike-ettenberg-bringing-clarity-to-first-responders-one-pair-at-a-time/86792,Delta Cohort,[],4,17,3h,2025-06-02T13:23:05.650719
